www.geeksforgeeks.org/selection-sort/,www.geeksforgeeks.org/heap-sort/
www.softwaretestinghelp.com/quick-sort/,www.geeksforgeeks.org/heap-sort/
www.softwaretestinghelp.com/quick-sort/,www.geeksforgeeks.org/selection-sort/
www.programiz.com/dsa/merge-sort/,www.geeksforgeeks.org/heap-sort/
www.softwaretestinghelp.com/quick-sort/,www.programiz.com/dsa/merge-sort/
www.programiz.com/dsa/bubble-sort/,www.softwaretestinghelp.com/insertion-sort/
www.geeksforgeeks.org/selection-sort/,www.softwaretestinghelp.com/insertion-sort/
www.geeksforgeeks.org/heap-sort/,www.programiz.com/dsa/merge-sort/
www.geeksforgeeks.org/selection-sort/,www.programiz.com/dsa/bubble-sort/
www.softwaretestinghelp.com/insertion-sort/,www.geeksforgeeks.org/selection-sort/
www.hp.com/us-en/shop/tech-takes/computer-history-programming-languages/,www.geeksforgeeks.org/difference-between-high-level-and-low-level-languages/
www.britannica.com/summary/computer-programming-language,www.hp.com/us-en/shop/tech-takes/computer-history-programming-languages/
www.geeksforgeeks.org/difference-between-high-level-and-low-level-languages/,www.techtarget.com/searchapparchitecture/definition/object-oriented-programming-OOP/
www.techtarget.com/searchapparchitecture/definition/object-oriented-programming-OOP/,www.britannica.com/summary/computer-programming-language
www.britannica.com/summary/computer-programming-language,www.geeksforgeeks.org/selection-sort/
www.geeksforgeeks.org/selection-sort/,www.geeksforgeeks.org/difference-between-high-level-and-low-level-languages/
www.techtarget.com/searchapparchitecture/definition/object-oriented-programming-OOP/,www.geeksforgeeks.org/heap-sort/
www.geeksforgeeks.org/selection-sort/,www.geeksforgeeks.org/difference-between-high-level-and-low-level-languages/
